CHROM	POS	REF	ALT	ID	CADD_phred	COSMIC_ID	gnomAD_genome_FIN	Func	EOC561_pOme2_DNA1.AF	EOC561_pPer1_DNA1.AF	EOC561_pPer1_DNA1_bgiseq.AF
chr1	10517583	AG	TT		21			genic_other	0.029	0.241	0.133
chr1	18635818	G	A	rs1158966560	10.1			genic_other	0.014	0.065	0
chr1	19150397	C	T	rs1181153223	10.64		0	genic_other	0.075	0.224	0.162
chr1	39956582	A	G	rs1025630697	13.88		0	genic_other	0.173	0.324	0.468
chr1	41012145	G	T		10.21			genic_other	0.059	0.127	0.188
chr1	53906184	A	G		16.12			missense	0.013	0.097	0.211
chr1	60261487	T	G		14.35			intergenic	0.095	0.256	0.156
chr1	70557438	T	G		13.64			intergenic	0.032	0.302	0.355
chr1	71422396	A	G		15.41			genic_other	0.151	0.417	0.242
chr1	73475094	G	T		13.11			intergenic	0.043	0.25	0.323
chr1	74198766	T	C		12.56			genic_other	0.043	0.217	0.147
chr1	74357689	A	G		10.33			genic_other	0.038	0.302	0.237
chr1	78800934	G	A	rs12036497	13.45		0.0301493	intergenic	0.062	0.288	0.182
chr1	82516018	T	C	rs1044798833	13.59		0	intergenic	0	0.154	0.053
chr1	84464326	T	A		16.86			intergenic	0.115	0.419	0.211
chr1	95631020	A	G		16.76			intergenic	0.091	0.3	0.321
chr1	98788049	G	A	rs1444999119	14.48		0	intergenic	0.041	0.309	0.256
chr1	112449386	TTAAGACAGCATTTCTTCTTGATATGTCACTCCAAAACACTTTGTATG	T		10.36			genic_other	0.019	0.069	0.048
chr1	117623496	G	A		26			missense	0.083	0.222	0.379
chr1	122543034	G	A	rs1654614039	11.19			intergenic	0.081	0.017	0.075
chr1	122578972	C	G	rs1655434616	10.77			intergenic	0.2	0.263	0.1
chr1	122614670	A	C	rs1656236775	11.98			intergenic	0	0.012	0.076
chr1	122793903	C	A	rs1649398917	10.32			intergenic	0.2	0	0
chr1	122813135	T	A	rs1649796510	11.54			intergenic	0.118	0.1	0
chr1	122964168	T	C	rs1649983282	13.01			intergenic	0.069	0.062	0.154
chr1	123168513	G	T	rs1655245537	10.1			intergenic	0.12	0.043	0
chr1	123185312	T	G	rs1655631023	12.84			intergenic	0.133	0.125	0.667
chr1	123193543	A	G	rs1655798776	12.97			intergenic	0.023	0.033	0.1
chr1	123234402	T	C	rs1656624280	13.1			intergenic	0.176	0	0.2
chr1	123325106	T	C	rs1658618809	12.69			intergenic	0.211	0.1	0.143
chr1	123325138	G	C	rs1218866322	10.62			intergenic	0.235	0.077	0.143
chr1	123374500	A	G	rs1342660924	12.49			intergenic	0.111	0.062	0.143
chr1	123571437	C	A	rs1651712021	10.15			intergenic	0	0.077	0.3
chr1	123632763	A	G	rs1480461454	12.92			intergenic	0.25	0.25	0.125
chr1	123656369	C	A	rs1653457019	10.29			intergenic	0.091	0.2	0.111
chr1	123715452	T	G	rs1198499908	12.77			intergenic	0	0.028	0.138
chr1	123831546	C	G	rs1656821812	10.22			intergenic	0.057	0.048	0.111
chr1	124108102	G	A	rs1337378610	10.66			intergenic	0.222	0.556	0.714
chr1	124121880	T	G	rs1387688627	12.31			intergenic	0	0.105	0.227
chr1	124125545	A	T	rs1306352730	12.21			intergenic	0.118	0.133	0
chr1	124394179	C	T	rs1653896571	10.31			intergenic	0.059	0.091	0.25
chr1	124435574	G	C	rs1654623298	10.96			intergenic	0.111	0	0.031
chr1	124558119	T	A	rs1657217198	11.91			intergenic	0.059	0.115	0
chr1	124630044	C	T	rs1214630830	11.77			intergenic	0.008	0.079	0.079
chr1	124753760	G	T	rs1397532759	10.58			intergenic	0.037	0.074	0.105
chr1	124767656	G	C	rs1473865424	11.12			intergenic	0.167	0.111	0
chr1	125118835	G	A	rs1652035545	10.23			intergenic	0.077	0.29	0.444
chr1	143188151	T	A		14.98			intergenic	0.048	0.333	0.353
chr1	143208281	T	A	rs1654316971	14.42		0	intergenic	0.033	0.071	0.058
chr1	143327142	A	C	rs1426136237	13.42			intergenic	0.3	0.2	0
chr1	147667605	A	T		17.2			genic_other	0	0.105	0.114
chr1	159163825	T	A		13.4			intergenic	0	0.16	0.143
chr1	159528923	G	A	rs1657726786	10.25			intergenic	0.12	0.204	0.217
chr1	185309417	C	G		25.4			missense	0.104	0.359	0.308
chr1	190163074	A	C		11.73			genic_other	0.175	0.32	0.448
chr1	190475853	TC	T	rs1677464865	14.41			genic_other	0.058	0.269	0.226
chr1	195523017	A	G	rs1662008667	10.79			intergenic	0.123	0.297	0.188
chr1	205586190	A	G		23.8			missense	0.185	0.22	0.167
chr1	215722852	T	G		10.36			genic_other	0	0.255	0.2
chr1	218681646	A	T		10.44			ncRNA	0.086	0.295	0.19
chr1	218906408	T	G		11.69			ncRNA	0.083	0.185	0.222
chr1	246460827	A	C		16.03			genic_other	0	0.156	0.065
chr2	2969228	T	G		14.84			ncRNA	0.071	0.122	0.074
chr2	8648961	C	G		11.97			intergenic	0.089	0.353	0.222
chr2	16204920	T	C		19.27			intergenic	0.093	0.326	0.458
chr2	17254177	A	G		13.52			intergenic	0.029	0.148	0.146
chr2	21044165	A	C		15.16			genic_other	0.039	0.25	0.308
chr2	22776862	G	T	rs1423235098	21.1			intergenic	0.048	0.237	0.235
chr2	36148050	G	A		10.39			intergenic	0	0.065	0.13
chr2	48837142	T	C	rs1453149171	13.95			intergenic	0.062	0.045	0.034
chr2	50342734	C	T		11.43			genic_other	0.034	0.14	0.179
chr2	53786985	AC	A		13.24			genic_other	0.143	0.176	0.133
chr2	66103277	C	A		13.15			intergenic	0.151	0.353	0.281
chr2	66917848	C	T	rs752649161	19.14			ncRNA	0	0.149	0.03
chr2	77570965	T	C	rs1671046980	12.9		0	intergenic	0.073	0.273	0.281
chr2	81459327	T	C	rs1672463676	10.49			intergenic	0.02	0.15	0.114
chr2	92663799	T	A	rs1280568896	11.61			intergenic	0.118	0.111	0.25
chr2	92850498	A	G	rs1298495833	12.02			intergenic	0.036	0.026	0.034
chr2	103880674	GG	AT		19.24			intergenic	0.1	0.235	0.238
chr2	144476092	T	C		10.05			genic_other	0.098	0.034	0.043
chr2	151961236	C	A		13.94			genic_other	0.038	0.328	0.349
chr2	155543980	A	G		20.6			intergenic	0.058	0.295	0.409
chr2	156476322	A	C		17.1			genic_other	0.122	0.295	0.163
chr2	156476543	T	A		16.49			genic_other	0	0.264	0.182
chr2	160331340	A	G		16.27			genic_other	0.071	0.028	0.065
chr2	162810671	T	G		12.61			genic_other	0.1	0.344	0.2
chr2	164523375	G	C		12.83			genic_other	0.037	0.316	0.136
chr2	173802380	G	T		11.82			intergenic	0.047	0.333	0.4
chr2	178568461	G	C	rs1214607347	23.3			missense	0.051	0	0.143
chr2	181168597	A	T		10.13			ncRNA	0.108	0.25	0.393
chr2	188318933	A	C	rs2039546808	14.28			genic_other	0.143	0.271	0.4
chr2	203713705	A	G		14.73			genic_other	0.026	0.2	0.143
chr2	204186814	G	T		13.94			intergenic	0	0.167	0.125
chr2	204510762	A	T	rs1692640004	17.63		0	intergenic	0.03	0.436	0.36
chr2	204743366	G	T		15.46			genic_other	0.064	0.27	0.293
chr2	212232909	T	C		10.3			genic_other	0.087	0.152	0.133
chr2	213634426	T	G		12.15			genic_other	0.033	0.121	0.219
chr2	223777803	G	T		14.35			missense	0.057	0.316	0.346
chr3	2503442	C	A		13.97			genic_other	0.068	0.257	0.087
chr3	6411587	T	A		13.58			intergenic	0.109	0.171	0.258
chr3	19550777	G	A	rs528081393	11.46		0	intergenic	0.102	0.238	0.459
chr3	19898804	C	A		32			missense	0.069	0.275	0.359
chr3	21824919	A	T		16.01			intergenic	0.158	0.209	0.194
chr3	22507935	T	A		11.88			intergenic	0	0.125	0.161
chr3	22887006	G	C		10.4			intergenic	0.091	0.319	0.316
chr3	27394518	C	T		24.5			synonymous	0.118	0.293	0.381
chr3	37861834	T	G	rs1697941366	15.83			genic_other	0.263	0.222	0
chr3	43632930	C	G		14.35			genic_other	0.068	0.341	0.462
chr3	74468893	G	A		12.26			genic_other	0.062	0.289	0.355
chr3	75886312	T	A		10.21			intergenic	0.044	0.3	0.231
chr3	82713013	A	G		13.85			intergenic	0.075	0.4	0.286
chr3	84475030	A	T	rs1342348830	10.09			intergenic	0.12	0.359	0.481
chr3	86481335	A	G		13.12			genic_other	0.077	0.236	0.308
chr3	122395567	T	C		13.75			genic_other	0.019	0.294	0.329
chr3	133895823	C	A		20.8			genic_other	0.123	0.244	0.5
chr3	138171821	A	G		16.42			genic_other	0	0.143	0.081
chr3	139850498	T	G		12.51			intergenic	0.069	0.149	0.139
chr3	142276885	T	C		10.3			intergenic	0.031	0.111	0.133
chr3	142817950	A	T		13.9			genic_other	0.12	0.172	0.137
chr3	147653247	C	A		10.74			intergenic	0.033	0.395	0.341
chr3	148238801	T	C	rs917870035	13.3		0	intergenic	0	0.079	0.034
chr3	149654587	A	G		13.86			genic_other	0.057	0.147	0.189
chr3	150352863	A	G		15.31			intergenic	0.101	0.355	0.288
chr3	154084056	A	C		14.32			ncRNA	0.146	0.3	0.281
chr3	154867381	T	A		12.59			intergenic	0	0.044	0.061
chr3	157467690	T	C		11.34			genic_other	0.064	0.145	0.222
chr3	157840870	C	T		14.18			intergenic	0	0.228	0.333
chr3	158432345	T	G		21.7			genic_other	0.061	0.458	0.333
chr3	163368376	C	A	rs1392484021	14.23		0	intergenic	0.08	0.275	0.111
chr3	167534739	T	C		15.13			genic_other	0.062	0.115	0.216
chr3	169813433	C	T		12.43			genic_other	0.045	0.175	0.154
chr3	179083627	A	C		11.41			intergenic	0.043	0.118	0.083
chr3	181279208	T	G		10.54			ncRNA	0.06	0.17	0.213
chr3	182266535	A	T		15.51			intergenic	0.039	0.187	0.087
chr4	18334394	C	A		10.41			intergenic	0.069	0.292	0.281
chr4	20479849	T	G		12.56			genic_other	0.068	0.091	0.353
chr4	23323395	A	C		12.67			intergenic	0.019	0.238	0.273
chr4	43148354	G	T		10.72			intergenic	0.016	0.082	0.133
chr4	44360483	A	C		10.06			genic_other	0.018	0.2	0.25
chr4	50253672	A	T	rs1212392099	10.22			intergenic	0.182	0	0.5
chr4	50386418	A	T	rs1395700974	10.44			intergenic	0.095	0	0.133
chr4	52017496	C	A		28.1			stopgain	0.16	0.268	0.2
chr4	60017069	T	C		11.19			intergenic	0.021	0.244	0.216
chr4	60164542	C	G		10.09			intergenic	0.101	0.219	0.25
chr4	79445707	T	A		18.31			intergenic	0.093	0.182	0.119
chr4	82313224	T	C	rs768533723	14.13		0	intergenic	0	0.131	0.116
chr4	84446198	T	C		13.92			intergenic	0.102	0.227	0.172
chr4	98793494	A	G		11.65			intergenic	0	0.267	0.188
chr4	102881537	T	TCTCAGGACTTTTGTTCACTGGATTTGAAAGGTCAAGCTTCACAG		11.48			genic_other	0.023	0.115	0.1
chr4	111702937	C	A	rs981373363	14.82		9.54563e-5	intergenic	0.075	0.371	0.333
chr4	133194385	TGCTAGAGCTGAAAGTAA	T		11.49			genic_other	0.028	0.317	0.4
chr4	158682245	G	T	rs1430630684	24.2			missense	0.081	0.488	0.571
chr4	159102900	C	CCGCA		13.89			intergenic	0.048	0.375	0.5
chr4	173502427	G	A	rs1407634898	15.44		0	genic_other	0.109	0.361	0.235
chr4	175305226	G	C		14.4			intergenic	0.167	0.5	0.448
chr4	178365443	T	C		12.25			intergenic	0.064	0.48	0.375
chr5	14433334	G	A		16.38			genic_other	0.02	0.244	0.172
chr5	35830767	G	T		13.35			intergenic	0.254	0.383	0.184
chr5	52134045	A	C		16.9			intergenic	0.158	0.265	0.316
chr5	53385010	G	C		10.54			intergenic	0	0.163	0.25
chr5	62523668	A	T		12.51			genic_other	0.075	0.243	0.273
chr5	68666347	T	G		11.26			intergenic	0.068	0.163	0.292
chr5	73985269	C	T	rs1580152925	10.54			intergenic	0.103	0.182	0.317
chr5	74402682	C	T		11.47			ncRNA	0.203	0.25	0.357
chr5	87787342	A	T		19.54			intergenic	0.096	0.327	0.275
chr5	88691900	A	G		11.58			ncRNA	0.035	0.258	0.119
chr5	89378430	T	C		21.2			ncRNA	0.036	0.149	0.286
chr5	90614887	AT	A		21.2			frameshift_indel	0.016	0.154	0.32
chr5	92328657	G	C		16.64			intergenic	0.036	0.231	0.182
chr5	96092871	G	C		12.11			ncRNA	0	0.114	0.125
chr5	102922791	A	T		14.9			genic_other	0.021	0.273	0.143
chr5	108446884	C	T	rs1237334724	10.8		0	intergenic	0.12	0.265	0.292
chr5	115178811	A	T		10.5			genic_other	0	0.255	0.062
chr5	121808023	A	G		11.11			intergenic	0.02	0.261	0.122
chr5	127517541	C	T	rs549856015	14.53		0	genic_other	0.088	0.368	0.375
chr5	135991651	G	T		17.18			intergenic	0	0.121	0.088
chr5	136953087	C	G		10.12			intergenic	0.059	0.351	0.385
chr5	150582330	G	C		21			intergenic	0.113	0.333	0.357
chr5	154150172	T	C		11.48			intergenic	0.081	0.459	0.257
chr5	155611595	G	T		20.5			intergenic	0.074	0.261	0.303
chr5	163624098	T	A		17.94			intergenic	0.097	0.318	0.31
chr6	11107156	T	C		14.43			genic_other	0	0.121	0.121
chr6	16763899	G	A	rs1761155124	11.71			ncRNA	0	0.088	0.081
chr6	24559070	G	T		24.8			missense	0.119	0.109	0.22
chr6	25239434	A	C		15.19			intergenic	0.06	0.257	0.171
chr6	29620764	T	C		12.21			genic_other	0.027	0.114	0.132
chr6	51515192	C	T		14.86			intergenic	0.024	0.227	0.214
chr6	52162972	A	G		11.72			intergenic	0.06	0.5	0.348
chr6	56122882	A	T		13.32			genic_other	0.078	0.32	0.333
chr6	66940199	G	T		17.02			intergenic	0.075	0.4	0.222
chr6	80475815	A	G		15.47			intergenic	0.067	0	0.091
chr6	84252365	A	G		14.88			intergenic	0.125	0.571	0.286
chr6	96871282	T	A		15.38			intergenic	0.217	0.577	0.52
chr6	98274920	G	T		19.99			intergenic	0.077	0.308	0.391
chr6	104029921	A	G		14.24			intergenic	0.133	0.19	0.385
chr6	104772015	G	C		24.3			missense	0.128	0.4	0.538
chr6	114753129	C	T		17.19			intergenic	0.15	0.281	0.261
chr6	116326431	A	G		12.63			genic_other	0.114	0.314	0.382
chr6	123706838	A	G		14.57			intergenic	0.122	0.462	0.348
chr6	129479206	TA	T		12.82			genic_other	0.038	0.152	0.176
chr6	130014542	G	C		13.95			intergenic	0.191	0.308	0.327
chr6	155768926	G	T		12.66			intergenic	0.073	0.567	0.375
chr6	170145159	A	C	rs2036726682	11.4			intergenic	0.091	0.455	0.545
chr7	13598354	T	A		10.55			intergenic	0.163	0.375	0.343
chr7	14239228	A	G		17.29			genic_other	0.051	0.22	0.133
chr7	23880791	G	C		18.51			intergenic	0.045	0.11	0.096
chr7	27818165	T	G		20.3			genic_other	0.103	0.46	0.476
chr7	37771049	G	A		10.31			intergenic	0.122	0.264	0.179
chr7	39261817	G	A	rs531118730	13.65			genic_other	0.143	0.246	0.25
chr7	57200730	C	T	rs1366164909	11.71		0	intergenic	0.154	0.297	0.385
chr7	58112798	T	A		10.69			intergenic	0.121	0.352	0.427
chr7	62456035	T	C	rs1787090791	13.41			intergenic	0.082	0.209	0.071
chr7	63918102	A	T		11.72			intergenic	0.065	0.19	0.263
chr7	64097604	C	A		10.09			intergenic	0.082	0	0
chr7	81743276	C	G		15.01			genic_other	0.032	0.192	0.186
chr7	82956904	C	G	rs766477866	18.82	COSV61619552		missense	0.143	0.242	0.154
chr7	92131868	C	A		19.11			missense	0.146	0.4	0.351
chr7	93393357	G	T		16.78			intergenic	0.091	0.273	0.35
chr7	96786376	G	C		15.8			intergenic	0.146	0.292	0.207
chr7	107321047	C	G		15.35			genic_other	0.038	0.226	0.278
chr7	112769693	A	G		13.93			genic_other	0.091	0.308	0.226
chr7	113878978	C	T		24.4			missense	0	0.128	0.167
chr7	130498225	C	T		17.26			synonymous	0.045	0.181	0.111
chr7	132865027	C	T		13.29			genic_other	0.069	0.17	0.143
chr7	142930085	C	A		37			stopgain	0	0.081	0.128
chr7	146013489	T	A		10.1			intergenic	0.03	0.186	0.133
chr7	153911817	T	A		10.11			genic_other	0.073	0.098	0.2
chr8	25609168	A	G		13.29			intergenic	0.078	0.424	0.571
chr8	37711161	C	T	rs575309643	16.8	COSV68047791	0	intergenic	0.043	0.229	0.211
chr8	51695769	G	A		14.81			genic_other	0.038	0.213	0.257
chr8	62105059	T	A		10.37			intergenic	0.113	0.192	0.214
chr8	63904744	A	T		20.4			ncRNA	0.113	0.186	0.255
chr8	71444919	A	G		14.77			genic_other	0.085	0.303	0.364
chr8	71462945	A	T		12.51			genic_other	0.067	0.324	0.2
chr8	76145198	A	T		10.58			intergenic	0.051	0.194	0.238
chr8	76224579	C	G		12.72			intergenic	0	0.217	0.231
chr8	76476103	T	G		11.96			ncRNA	0.161	0.303	0.171
chr8	77821774	T	A		12.21			intergenic	0.049	0.024	0.081
chr8	82795958	T	A		10.76			intergenic	0	0.118	0.023
chr8	91435146	T	A		10.88			intergenic	0.043	0.212	0.232
chr8	91487677	A	T		15.14			intergenic	0.069	0.133	0.207
chr8	98012571	G	A		11.32			genic_other	0.071	0.281	0.242
chr8	104928761	T	C		15.74			intergenic	0.111	0.231	0.182
chr8	108654324	T	A		14.83			intergenic	0.045	0.256	0.333
chr8	123237967	A	G		12.56			genic_other	0	0	0.158
chr8	129272642	G	A		13.28			intergenic	0.094	0.169	0.178
chr8	136073018	C	T		18.14			intergenic	0.167	0.135	0.24
chr9	1886145	C	G		15.27			intergenic	0.132	0.435	0.467
chr9	6015259	G	C		19.96			missense	0	0.371	0.174
chr9	12196469	A	T		11.13			intergenic	0.091	0.346	0.308
chr9	13915279	A	T		18.24			intergenic	0.054	0.467	0.375
chr9	13915283	A	G		17.58			intergenic	0.054	0.467	0.375
chr9	17817466	G	T		12.32			intergenic	0.089	0.303	0.44
chr9	24631016	T	A		12.89			intergenic	0.036	0.377	0.14
chr9	26054616	G	C		10.42			intergenic	0.156	0.357	0.364
chr9	34589903	T	G		20.6			genic_other	0.053	0.235	0
chr9	45173001	A	G		10.16			intergenic	0.073	0.026	0.065
chr9	76987190	A	C		10.78			intergenic	0.029	0.186	0.2
chr9	76987676	T	A		12.24			intergenic	0.051	0.134	0.154
chr9	77496947	T	G		11.09			ncRNA	0.068	0.125	0.19
chr9	100981689	A	G		12.21			intergenic	0.159	0.213	0.333
chr9	101739358	G	A	rs1830260030	13.67			genic_other	0.078	0.214	0.258
chr9	106864750	G	A		19.49			genic_other	0.096	0.271	0.036
chr9	128881823	T	C		13.77			genic_other	0.047	0.365	0.222
chr9	130581417	G	A		17.12			genic_other	0.113	0.278	0.364
chr10	7665034	AAAGAACGGATTAGGGATAAAAGGTAAAATTGCAAGTTCATAGAACTTTATACCTTGGATTTTTTTTCCTGATTTAGTCATTTTC	A		16.41			genic_other	0.045	0.11	0.16
chr10	19265775	A	T		11.68			genic_other	0.128	0.258	0.095
chr10	22316099	G	A	rs1588612977	12.07			genic_other	0.106	0.357	0.316
chr10	33524448	A	G	rs891425359	10.18		0	intergenic	0.02	0.233	0.195
chr10	41845260	C	A	rs543229443	10.23			intergenic	0.125	0.333	0.412
chr10	59032115	C	T		17.61			intergenic	0.094	0.226	0.353
chr10	73887839	A	G		15.94			intergenic	0.169	0.437	0.438
chr10	75674358	A	G	rs1041792793	14.41			genic_other	0.062	0.302	0.257
chr10	96401520	A	G	rs1294956986	12.22		0	genic_other	0.042	0.08	0
chr10	112953166	ACTTGCTTTTTT	A		18.24			genic_other	0.037	0.194	0.161
chr10	121420825	A	C		19.59			intergenic	0.111	0.333	0.162
chr10	126692930	G	A	rs1846922013	11.01		0	intergenic	0.064	0.257	0.152
chr10	129063590	G	C	rs1047970334	11.18		0	intergenic	0.06	0.324	0.158
chr10	133160592	G	A	rs1852933442	11.84		0	genic_other	0.095	0.222	0.312
chr11	3218095	C	A		22.2			missense	0.097	0.279	0.188
chr11	11053840	A	G		10.58			intergenic	0	0.171	0.25
chr11	23682615	A	G	rs1850001355	11.91		0	intergenic	0	0.048	0.1
chr11	43249304	G	A	rs1266223534	16.6			intergenic	0.153	0.347	0.317
chr11	50049500	T	G		10.33			intergenic	0.019	0.267	0.211
chr11	51277538	T	G	rs1339613380	11.9			intergenic	0.028	0.069	0.029
chr11	51626630	A	T		12.12			intergenic	0.125	0.081	0
chr11	51755269	G	A	rs1852545625	10.43			intergenic	0.062	0.25	0
chr11	52121419	A	G	rs1209300040	12.86			intergenic	0	0	0.2
chr11	52335740	T	C	rs1398778839	12.52			intergenic	0.081	0.026	0.048
chr11	53020803	T	C	rs1400922156	12.5			intergenic	0.222	0.1	0.071
chr11	53692985	T	G	rs1230987622	12.5			intergenic	0.167	0.333	0
chr11	53744173	C	G	rs1387547544	10.47			intergenic	0	0.2	0.167
chr11	53744198	G	C	rs1165997489	10.17			intergenic	0	0.105	0.133
chr11	53922882	A	T	rs1404144893	11.8			intergenic	0.125	0.222	0.5
chr11	54248600	G	A	rs1410834668	10.48			intergenic	0.062	0.182	0.286
chr11	57097730	A	G	rs767573449	11.29		0	intergenic	0	0.154	0.207
chr11	57706910	G	GT		13.41			genic_other	0.1	0.241	0.292
chr11	78863155	T	A		21.7			genic_other	0.06	0.265	0.205
chr11	92621660	T	C		14.48			genic_other	0.103	0.516	0.368
chr11	97433318	T	C		10.02			intergenic	0.037	0.455	0.571
chr11	109819181	C	T		11.32			intergenic	0.163	0.433	0.469
chr11	120361943	A	G		16.77			genic_other	0.1	0.258	0.417
chr11	121351287	C	A		16.82			intergenic	0.016	0.385	0.304
chr12	2324119	C	A		12.49			genic_other	0	0.338	0.264
chr12	2854958	A	AC		27.2			frameshift_indel	0.284	0.515	0.714
chr12	9240785	G	C		11.9			ncRNA	0	0	0.188
chr12	16248900	C	A	rs1405369910	11.73			genic_other	0.217	0.469	0.419
chr12	30814422	G	C		11.5			intergenic	0	0.082	0.075
chr12	35185989	T	C		11.92			intergenic	0.2	0.444	0.625
chr12	35438878	A	T	rs1947515349	10.83			intergenic	0.35	0.105	0.143
chr12	36146791	T	A	rs1350985660	11.23			intergenic	0.133	0.133	0.167
chr12	44178543	G	A	rs893282907	13.26			genic_other	0.157	0.344	0.226
chr12	53345941	T	TC		15.92			intergenic	0.117	0.211	0.235
chr12	53345944	T	TCCG		16.77			intergenic	0.117	0.231	0.235
chr12	54896259	G	A		12.62			intergenic	0.089	0.286	0.32
chr12	59672970	A	T	rs1870012990	12.68			genic_other	0.047	0.143	0.211
chr12	62906593	A	C		14.43			genic_other	0.093	0.276	0.125
chr12	64023953	C	A		13.11			genic_other	0.055	0.023	0.033
chr12	69091881	A	G	rs1868623164	11.95			intergenic	0.07	0.22	0.133
chr12	88029299	C	T	rs183671824	18.78	COSV53893781	0.00622725	genic_other	0.119	0.185	0.286
chr12	88302572	A	C		12.79			intergenic	0.146	0.258	0.227
chr12	90332082	T	C		13.32			intergenic	0.083	0.087	0.091
chr12	106940598	A	T		10.51			intergenic	0.049	0.148	0.159
chr12	109290319	G	A		13.16			genic_other	0	0.03	0.085
chr12	109415048	C	T		11.5			genic_other	0.167	0.614	0.559
chr12	111004553	C	G		10.12			intergenic	0.103	0.233	0.229
chr12	118766110	G	A		18.16			intergenic	0.062	0.158	0.391
chr12	119149471	G	C		12.04			genic_other	0.081	0.266	0.348
chr13	16318667	C	T	rs1198370248	10.06			intergenic	0.077	0.167	0.2
chr13	16492302	A	G	rs1873219049	11			intergenic	0	0	0.8
chr13	16543688	A	G	rs1874591645	11.53			intergenic	0	0.25	0.167
chr13	16588518	A	T	rs1953333752	11.39			intergenic	0.16	0.1	0.077
chr13	16766519	C	T	rs1157309063	10.54			intergenic	0.049	0.04	0.105
chr13	17201814	T	A	rs1958258786	10.87			intergenic	0.143	0.167	0.167
chr13	17241556	C	T	rs1276971486	10.03			intergenic	0	0.25	0
chr13	17997854	C	T		10.7			intergenic	0.042	0	0.053
chr13	19383489	G	A		10.97			intergenic	0	0.093	0.217
chr13	28295056	G	C		16.93			genic_other	0.077	0.157	0.111
chr13	32890203	G	A		13.37			ncRNA	0.098	0.196	0.208
chr13	34797273	T	C		20.3			intergenic	0.067	0.333	0.1
chr13	34856674	A	G		14.49			intergenic	0.048	0.075	0.032
chr13	43952057	A	G		15.76			intergenic	0.081	0	0
chr13	50184827	T	A		10.57			ncRNA	0.227	0.857	0.273
chr13	50428597	A	G	rs1954721220	14.55			ncRNA	0.109	0.162	0.24
chr13	50632276	A	T		12.48			intergenic	0.034	0.276	0.208
chr13	53099012	A	C		10.57			intergenic	0.054	0.15	0.08
chr13	59417872	G	T		17.54			intergenic	0.07	0.243	0.156
chr13	67219183	A	G		11.19			genic_other	0.119	0.152	0.13
chr13	74335923	T	C		10.03			intergenic	0.021	0.167	0.25
chr13	75094703	C	T		19.56			intergenic	0.079	0.219	0.267
chr13	78836334	A	G		17.8			ncRNA	0.033	0.34	0.308
chr13	79085166	GATTATC	G		20.4			intergenic	0.071	0.309	0.268
chr13	84585329	A	G		12.25			ncRNA	0.062	0.195	0.318
chr13	84671890	T	A		12.13			intergenic	0.065	0.371	0.379
chr13	86680151	T	A		14.7			intergenic	0.119	0.146	0.2
chr13	89544171	T	G		13.18			intergenic	0	0.146	0.189
chr13	94956675	G	A		17.57			intergenic	0.059	0.256	0.375
chr13	99522342	A	T		10.49			genic_other	0.159	0.3	0.433
chr13	105705380	T	C		20.6			intergenic	0.022	0.396	0.308
chr14	18657434	A	T		12.17			intergenic	0.029	0.08	0.11
chr14	18660689	T	C		10.14			intergenic	0.036	0.081	0.095
chr14	18865040	T	G	rs1555337539	12.55		0	intergenic	0.182	0.182	0
chr14	19876988	A	G	rs111897676	18.25	COSV100064439		missense	0.036	0.19	0.197
chr14	29461301	T	A		17.89			intergenic	0.14	0.211	0.178
chr14	41611918	T	G		12.43			genic_other	0.052	0.385	0.303
chr14	43403510	A	C		10.06			intergenic	0.095	0.333	0.3
chr14	43625983	A	C		10.65			intergenic	0.071	0.229	0.36
chr14	56452005	A	G		13.73			intergenic	0.057	0.146	0.312
chr14	57635797	T	G		17.47			genic_other	0.052	0.211	0.244
chr14	60493740	G	C		14.22			intergenic	0.065	0.353	0.125
chr14	63061542	A	C		14.01			intergenic	0.082	0.258	0.2
chr14	98496415	C	A	rs1892188032	12.85			intergenic	0	0.2	0.071
chr14	100654319	T	G		11.24			intergenic	0	0.167	0.143
chr15	20274764	A	C		14.67			intergenic	0.021	0.087	0.058
chr15	36962877	A	G		18.98			genic_other	0.049	0.326	0.214
chr15	55743504	G	A		18.47			genic_other	0.032	0.273	0.235
chr15	60886680	C	G		12.65			genic_other	0.075	0.28	0.111
chr15	63569291	A	G		14.93			genic_other	0.12	0.324	0.294
chr15	74157599	C	T		11.66			intergenic	0.095	0.246	0.341
chr15	77631080	G	T		17.71			genic_other	0.134	0.172	0.205
chr15	77710477	C	G		11.82			genic_other	0.075	0.217	0.333
chr15	95197096	T	C	rs952884954	14.91			intergenic	0.073	0.208	0.237
chr15	96645873	G	C	rs992618858	18.95		0	intergenic	0.056	0.146	0.194
chr16	8189450	G	A		16.31			intergenic	0.054	0.311	0.433
chr16	10182229	C	A		12.89			genic_other	0.078	0.263	0.143
chr16	13474734	G	T		16.79			intergenic	0.194	0.327	0.413
chr16	32459420	T	C		20.7			intergenic	0.103	0.25	0.182
chr16	38166471	T	A	rs1333160528	11.64			intergenic	0.062	0.205	0.167
chr16	47059116	C	G		10.13			intergenic	0	0.032	0.075
chr16	48635600	A	G	rs1023959833	10.64			intergenic	0.042	0.28	0.088
chr16	57012918	T	G		14.11			genic_other	0	0.062	0.167
chr16	58287028	T	A		16.62			genic_other	0.082	0.31	0.409
chr16	61235427	A	G		10.89			intergenic	0.122	0.233	0.367
chr16	61334799	C	A		16.98			intergenic	0.019	0.368	0.308
chr16	63065814	T	A		15.46			intergenic	0.083	0.324	0.333
chr16	70404092	G	T		10.16			genic_other	0.115	0.262	0.184
chr16	73945985	A	G		21.8			intergenic	0.051	0.239	0.429
chr16	78598224	G	C		12.91			genic_other	0.047	0.205	0.4
chr16	78932644	C	T	rs2045648666	18.51		0	genic_other	0.085	0.214	0.163
chr17	1069087	G	T		14.59			genic_other	0.062	0.321	0.158
chr17	7573464	C	CGG		18.69			ncRNA	0.135	0.214	0.111
chr17	7675084	G	C	rs1057519980	22.7	COSV52735850		missense	0.228	0.611	0.611
chr17	11194607	T	C	rs1298157984	10.24		0	intergenic	0.118	0.222	0.303
chr17	17703621	G	A		13.15			genic_other	0.05	0.182	0.19
chr17	18335576	TG	T		34			frameshift_indel	0.105	0.574	0.69
chr17	35140062	T	TGAGGTTTCACTATGCTGGCCAGGCTGGTCTTGAACTCCTGATCTTGTGATCTGCCCGCTTTGG		29			inframe_indel	0.032	0.163	0.208
chr17	39462436	T	G		36			stopgain	0.061	0.481	0.5
chr17	41571817	C	T	rs778678852	13.26		0	missense	0.116	0.5	0.6
chr17	75286559	G	A	rs540539412	10.48		0	genic_other	0	0.111	0.069
chr17	75535202	AG	A		17.34			genic_other	0.063	0.277	0.24
chr18	3398782	C	G		10.36			intergenic	0.036	0.192	0.152
chr18	14571867	A	G		11.07			intergenic	0.052	0.289	0.162
chr18	15490391	T	A	rs1356125298	11.75			intergenic	0.062	0.143	0.375
chr18	17150662	A	G		11.44			intergenic	0.182	0	0.1
chr18	24559440	T	C		15.85			intergenic	0	0.206	0.059
chr18	31835762	G	C		12.15			genic_other	0.121	0.317	0.294
chr18	34105250	C	T	rs562143074	17.62		0	genic_other	0.052	0.114	0.2
chr18	40813058	A	T		10.13			intergenic	0.018	0.351	0.263
chr18	42221299	C	G	rs1599024554	11.37			ncRNA	0.076	0.312	0.158
chr18	43768730	A	T		15.84			intergenic	0	0.043	0.133
chr18	46123341	C	T		41			stopgain	0	0.049	0.071
chr18	48330757	G	C		12.25			genic_other	0	0.116	0.095
chr18	52046534	T	TCAGATATTAATGAGAAGGTTGGAGCCTGGGGTGGCTGGGTGGAGGGGAGCAATAGGCTGGGCA		10.76			intergenic	0	0.111	0.033
chr18	55306235	T	A		17.45			genic_other	0.043	0.086	0.158
chr18	61202075	G	T		12.9			intergenic	0.135	0.256	0.333
chr18	63750817	G	C		15.71			intergenic	0.04	0.314	0.263
chr18	68535580	C	G		10.5			intergenic	0.125	0.324	0.6
chr18	78046002	G	A		12.18			intergenic	0.171	0.382	0.429
chr19	31319123	C	T		11.22			genic_other	0.092	0.157	0.157
chr19	49270098	G	A	rs149806383	12.37		0	intergenic	0.085	0.429	0.25
chr19	51067747	C	T	rs2091784257	10.84			intergenic	0.062	0	0.077
chr20	4668172	G	A	rs1053546739	11.79		0	intergenic	0.039	0.364	0.2
chr20	6858119	A	C		21.8			intergenic	0.034	0.182	0.357
chr20	9678970	A	G		10.38			genic_other	0.105	0.25	0.273
chr20	11663225	A	T		14.61			intergenic	0.081	0	0
chr20	21716126	G	C		13.85			genic_other	0	0.119	0.091
chr20	28635064	A	T		18.55			intergenic	0	0.163	0.105
chr20	29062871	C	G		10.3			intergenic	0.053	0.375	0.25
chr20	29067788	A	G		10.3			intergenic	0.013	0.111	0.143
chr20	29338902	G	A	rs1985542367	13.83			intergenic	0.021	0.093	0.055
chr20	29740679	C	T		10.49			intergenic	0.079	0.143	0.379
chr20	31721833	T	C		32			missense	0.085	0.298	0.286
chr20	43842787	G	C		10.22			intergenic	0.083	0.253	0.231
chr21	9775407	T	A		13.02			intergenic	0.023	0.097	0.071
chr21	10710576	T	C		10.91			intergenic	0.045	0.083	0.108
chr21	10721077	T	A		12.59			intergenic	0.007	0.053	0.05
chr21	13304556	A	T		11.99			intergenic	0.086	0.414	0.353
chr21	18518219	T	TTAACCCTAACCCTTAACCCTAACCCTAACCCTAACCCTAACCCTAACCCTAACCACCCTAA		14.86			intergenic	0.038	0.045	0.114
chr21	40312222	G	A	rs2074146694	24			missense	0.118	0.288	0.471
chr22	34017450	T	A	rs1423070471	10.27		0	intergenic	0.083	0.286	0.304
chrX	13162272	A	T		10.2			intergenic	0.031	0.17	0.122
chrX	20472397	A	T		13.94			intergenic	0.109	0.179	0.3
chrX	28068128	G	A		12.61			intergenic	0.1	0.513	0.52
chrX	96524470	A	G		10.91			intergenic	0	0.1	0.04
chrX	99087679	C	G		12.49			intergenic	0.075	0.345	0.435
chrX	114558567	G	T		12.91			intergenic	0	0.16	0
chrX	147912708	G	C	rs2042652557	13.92			genic_other	0.032	0.205	0.188
chrX	148197086	T	A		13.7			intergenic	0.09	0.259	0.086
chrX	153580152	G	GCCCCCCC	rs782513834	26.3			frameshift_indel	0	0	0.2
