chrom	start	end
chr1	1444751	1498750
chr1	12273751	13368750
chr1	16537751	16951750
chr1	103558651	103596650
chr1	124939151	124978150
chr1	143560451	144107450
chr1	161564651	161575650
chr1	161594651	161652650
chr1	196758151	196937150
chr1	248454851	248485850
chr1	248561851	248636850
chr2	89945351	90242350
chr2	214638051	214694050
chr2	241909051	242095350
chr3	25993151	26131150
chr3	46751751	46811750
chr3	65200351	65231350
chr3	75371951	75595950
chr3	93747451	93768450
chr3	100613451	100729450
chr3	125722951	125749950
chr3	128658951	128697950
chr3	162791351	162911350
chr3	173518951	173575950
chr4	66451	137450
chr4	4105151	4160150
chr4	9100251	9127250
chr4	63266451	63291450
chr4	63826451	63850450
chr4	69260451	69368450
chr4	160122551	160153550
chr5	694951	849950
chr5	7174951	7195950
chr5	8700951	8750950
chr5	17597451	17630450
chr5	32103551	32170550
chr5	97709651	97762650
chr5	101669551	101763550
chr5	140839851	140861850
chr5	150820751	150845750
chr6	924451	1041450
chr6	29880551	29940550
chr6	55958651	55983650
chr6	66296651	66341650
chr6	137573051	137647050
chr7	6859751	6885750
chr7	61723451	61966450
chr7	62683851	62704850
chr7	62818851	62851850
chr7	63516851	63583850
chr7	65781751	65825750
chr7	76801751	77005750
chr7	110904651	111048650
chr7	111614651	111651650
chr7	142061651	142097650
chr7	153964351	154060350
chr8	8457851	8595850
chr8	91100951	91175950
chr9	41346351	42736850
chr9	69481351	69508350
chr10	39338151	39362150
chr10	46104751	46822750
chr10	66311751	66358750
chr11	7786851	7813850
chr11	18919351	18944350
chr11	34616951	34768950
chr11	49685951	49737950
chr11	55181251	55218250
chr11	81786851	81812850
chr11	99645651	99700650
chr12	7841251	7974250
chr12	8206251	8241250
chr12	11351251	11394250
chr12	31109851	31256850
chr12	31846851	31899850
chr12	82771051	82822050
chr13	16000501	18341350
chr13	57175751	57215750
chr13	68667751	68696750
chr13	81541751	81575750
chr13	83526751	83586750
chr14	18668151	19959550
chr14	21978551	22496550
chr14	23971851	24018850
chr14	85816251	85848250
chr14	105597151	105724850
chr14	106111851	106328850
chr15	24424651	24480650
chr15	24477651	24519650
chr15	34423451	34529450
chr15	59778851	59813850
chr15	87273951	87329950
chr15	97268951	97294950
chr16	14897501	15032500
chr16	19931501	19958500
chr16	21499501	21586500
chr16	22428501	22702500
chr16	32380151	33862150
chr16	35227751	35525750
chr16	55760251	55790250
chr16	55806251	55833250
chr16	70118251	70169250
chr16	72535251	72558250
chr16	74357251	74430250
chr16	79224251	79248250
chr17	139851	388150
chr17	16751251	16847250
chr17	35351451	35443450
chr17	36106451	36461450
chr17	46085551	46546550
chr18	67586051	68017050
chr19	20410751	20537750
chr19	40841551	40878550
chr19	42746551	43044550
chr19	43186551	43349550
chr19	53012651	53051650
chr19	54221651	54243650
chr19	54743651	54869650
chr20	28936151	29586950
chr20	29620951	29633950
chr20	29882951	30272950
chr20	64300451	64336450
chr21	8681851	10653350
chr21	13069051	13157050
chr21	13865051	13902050
chr21	22280051	22296050
chr22	25265251	25526250
chr22	38960251	38993250
chr22	42505251	42557250
chr22	42557251	42581250
chrX	1604051	2157850
chrX	65798851	65826850
chrX	104001051	104053050
chrX	112466251	112504250
chrX	121665851	121800850
chrX	135619751	135720750
